{"social welfare": -3.0, "_timestamp": 1739056350.8499682, "_runtime": 16.25631618499756, "_step": 2, "average return of agent 0": -1.640625, "average return of agent 1": -1.359375}